"","DATE","GS10","UNRATE","CUMFNS","TB3MS","INDPRO","CPIAUCNS","USREC"
"1","1953-04-01",2.83,2.7,91.4983,2.19,19.563,26.6,0
"2","1953-05-01",3.05,2.5,91.6937,2.16,19.6708,26.7,0
"3","1953-06-01",3.11,2.5,90.6594,2.11,19.59,26.8,0
"4","1953-07-01",2.93,2.6,90.9787,2.04,19.8325,26.8,0
"5","1953-08-01",2.95,2.7,90.5636,2.04,19.7247,26.9,1
"6","1953-09-01",2.87,2.9,88.3263,1.79,19.3205,26.9,1
"7","1953-10-01",2.66,3.1,87.1948,1.38,19.1588,27,1
"8","1953-11-01",2.68,3.5,84.7407,1.44,18.7008,26.9,1
"9","1953-12-01",2.59,4.5,82.3076,1.6,18.2427,26.9,1
"10","1954-01-01",2.48,4.9,81.3314,1.18,18.1079,26.9,1
"11","1954-02-01",2.47,5.2,80.8402,0.97,18.1618,26.9,1
"12","1954-03-01",2.37,5.7,80.2379,1.03,18.054,26.9,1
"13","1954-04-01",2.29,5.9,79.4012,0.97,17.9462,26.8,1
"14","1954-05-01",2.37,5.9,79.7563,0.76,18.054,26.9,1
"15","1954-06-01",2.38,5.6,79.8726,0.64,18.1079,26.9,0
"16","1954-07-01",2.3,5.8,79.3984,0.72,18.1349,26.9,0
"17","1954-08-01",2.36,6,78.8093,0.92,18.1079,26.9,0
"18","1954-09-01",2.38,6.1,79.1621,1.01,18.1349,26.8,0
"19","1954-10-01",2.43,5.7,79.7465,0.98,18.3505,26.8,0
"20","1954-11-01",2.48,5.3,80.9104,0.93,18.6469,26.8,0
"21","1954-12-01",2.51,5,81.7984,1.15,18.8894,26.7,0
"22","1955-01-01",2.61,4.9,83.491,1.22,19.3205,26.7,0
"23","1955-02-01",2.65,4.7,84.1335,1.17,19.563,26.7,0
"24","1955-03-01",2.68,4.6,85.769,1.28,20.0211,26.7,0
"25","1955-04-01",2.75,4.7,86.7049,1.59,20.2636,26.7,0
"26","1955-05-01",2.76,4.3,87.8619,1.45,20.587,26.7,0
"27","1955-06-01",2.78,4.2,87.6462,1.41,20.6139,26.7,0
"28","1955-07-01",2.9,4,87.6585,1.6,20.7756,26.8,0
"29","1955-08-01",2.97,4.2,87.3323,1.9,20.7487,26.8,0
"30","1955-09-01",2.97,4.1,87.4582,2.07,20.8834,26.9,0
"31","1955-10-01",2.88,4.3,88.3671,2.23,21.2337,26.9,0
"32","1955-11-01",2.89,4.2,88.2651,2.24,21.2876,26.9,0
"33","1955-12-01",2.96,4.2,89.0259,2.54,21.3684,26.8,0
"34","1956-01-01",2.9,4,88.2309,2.41,21.5032,26.8,0
"35","1956-02-01",2.84,3.9,87.4422,2.32,21.3145,26.8,0
"36","1956-03-01",2.96,4.2,86.9629,2.25,21.3145,26.8,0
"37","1956-04-01",3.18,4,87.7998,2.6,21.4762,26.9,0
"38","1956-05-01",3.07,4.3,86.3431,2.61,21.2876,27,0
"39","1956-06-01",3,4.3,85.3322,2.49,21.099,27.2,0
"40","1956-07-01",3.11,4.4,81.5224,2.31,20.4522,27.4,0
"41","1956-08-01",3.33,4.1,84.9487,2.6,21.2876,27.3,0
"42","1956-09-01",3.38,3.9,85.9908,2.84,21.7726,27.4,0
"43","1956-10-01",3.34,3.9,86.491,2.9,21.9613,27.5,0
"44","1956-11-01",3.49,4.3,85.8189,2.99,21.7726,27.5,0
"45","1956-12-01",3.59,4.2,86.7793,3.21,22.096,27.6,0
"46","1957-01-01",3.46,4.2,86.151,3.11,22.0151,27.6,0
"47","1957-02-01",3.34,3.9,86.9983,3.1,22.2307,27.7,0
"48","1957-03-01",3.41,3.7,86.4136,3.08,22.2038,27.8,0
"49","1957-04-01",3.48,3.9,84.9971,3.07,21.9074,27.9,0
"50","1957-05-01",3.6,4.1,84.2139,3.06,21.8265,28,0
"51","1957-06-01",3.8,4.3,84.5773,3.29,21.8804,28.1,0
"52","1957-07-01",3.93,4.2,84.3174,3.16,22.0151,28.3,0
"53","1957-08-01",3.93,4.1,84.1625,3.37,22.0152,28.3,0
"54","1957-09-01",3.92,4.4,83.1858,3.53,21.8265,28.3,1
"55","1957-10-01",3.97,4.5,81.3949,3.58,21.5032,28.3,1
"56","1957-11-01",3.72,5.1,79.4105,3.31,20.9912,28.4,1
"57","1957-12-01",3.21,5.2,77.5488,3.04,20.587,28.4,1
"58","1958-01-01",3.09,5.8,75.6978,2.44,20.2097,28.6,1
"59","1958-02-01",3.05,6.4,73.7563,1.53,19.7786,28.6,1
"60","1958-03-01",2.98,6.7,72.7431,1.3,19.5361,28.8,1
"61","1958-04-01",2.88,7.4,71.3327,1.13,19.2127,28.9,1
"62","1958-05-01",2.92,7.4,71.9395,0.91,19.4013,28.9,0
"63","1958-06-01",2.97,7.3,73.9457,0.83,19.9133,28.9,0
"64","1958-07-01",3.2,7.5,74.3421,0.91,20.2097,29,0
"65","1958-08-01",3.54,7.4,75.7329,1.69,20.6139,28.9,0
"66","1958-09-01",3.76,7.1,76.2217,2.44,20.8026,28.9,0
"67","1958-10-01",3.8,6.7,76.4104,2.63,21.0451,28.9,0
"68","1958-11-01",3.74,6.2,79.0691,2.67,21.6649,29,0
"69","1958-12-01",3.86,6.2,79.0434,2.77,21.6918,28.9,0
"70","1959-01-01",4.02,6,80.1973,2.82,22.0151,29,0
"71","1959-02-01",3.96,5.9,81.4428,2.7,22.4463,28.9,0
"72","1959-03-01",3.99,5.6,82.4769,2.8,22.7696,28.9,0
"73","1959-04-01",4.12,5.2,83.9922,2.95,23.2547,29,0
"74","1959-05-01",4.31,5.1,84.9159,2.84,23.605,29,0
"75","1959-06-01",4.34,5,84.7686,3.21,23.6319,29.1,0
"76","1959-07-01",4.4,5.1,82.9798,3.2,23.066,29.2,0
"77","1959-08-01",4.43,5.2,79.4676,3.38,22.2846,29.2,0
"78","1959-09-01",4.68,5.5,79.0489,4.04,22.2577,29.3,0
"79","1959-10-01",4.53,5.7,78.1537,4.05,22.096,29.4,0
"80","1959-11-01",4.53,5.8,78.5051,4.15,22.2307,29.4,0
"81","1959-12-01",4.69,5.3,83.5682,4.49,23.605,29.4,0
"82","1960-01-01",4.72,5.2,85.5616,4.35,24.2247,29.3,0
"83","1960-02-01",4.49,4.8,84.6108,3.96,24.0092,29.4,0
"84","1960-03-01",4.25,5.4,83.2421,3.31,23.7936,29.4,0
"85","1960-04-01",4.28,5.2,82.2593,3.23,23.605,29.5,0
"86","1960-05-01",4.35,5.1,81.4711,3.29,23.578,29.5,1
"87","1960-06-01",4.15,5.4,80.2236,2.46,23.2816,29.6,1
"88","1960-07-01",3.9,5.5,79.7275,2.3,23.2008,29.6,1
"89","1960-08-01",3.8,5.6,79.0505,2.3,23.1738,29.6,1
"90","1960-09-01",3.8,5.5,77.9187,2.48,22.9313,29.6,1
"91","1960-10-01",3.89,6.1,77.5287,2.3,22.9044,29.8,1
"92","1960-11-01",3.93,6.1,75.7724,2.37,22.581,29.8,1
"93","1960-12-01",3.84,6.6,74.2557,2.25,22.1499,29.8,1
"94","1961-01-01",3.84,6.6,74.1095,2.24,22.1768,29.8,1
"95","1961-02-01",3.78,6.9,73.512,2.42,22.1499,29.8,1
"96","1961-03-01",3.74,6.9,73.8637,2.39,22.2846,29.8,0
"97","1961-04-01",3.78,7,75.3829,2.29,22.7427,29.8,0
"98","1961-05-01",3.71,7.1,76.356,2.29,23.093,29.8,0
"99","1961-06-01",3.88,6.9,77.3241,2.33,23.4164,29.8,0
"100","1961-07-01",3.92,7,78.1087,2.24,23.6858,30,0
"101","1961-08-01",4.04,6.6,78.9783,2.39,23.9014,29.9,0
"102","1961-09-01",3.98,6.7,78.1562,2.28,23.8745,30,0
"103","1961-10-01",3.92,6.5,79.5528,2.3,24.3325,30,0
"104","1961-11-01",3.94,6.1,80.7658,2.48,24.7098,30,0
"105","1961-12-01",4.06,6,81.6041,2.6,24.9253,30,0
"106","1962-01-01",4.08,5.8,80.2408,2.72,24.7098,30,0
"107","1962-02-01",4.04,5.5,81.4267,2.73,25.114,30.1,0
"108","1962-03-01",3.93,5.6,81.8912,2.72,25.2487,30.1,0
"109","1962-04-01",3.84,5.6,81.7429,2.73,25.3026,30.2,0
"110","1962-05-01",3.87,5.5,81.3349,2.69,25.2756,30.2,0
"111","1962-06-01",3.91,5.5,80.9291,2.73,25.2218,30.2,0
"112","1962-07-01",4.01,5.4,81.476,2.92,25.4643,30.3,0
"113","1962-08-01",3.98,5.7,81.4168,2.82,25.4912,30.3,0
"114","1962-09-01",3.98,5.6,81.7875,2.78,25.6529,30.4,0
"115","1962-10-01",3.93,5.4,81.3851,2.74,25.6799,30.4,0
"116","1962-11-01",3.92,5.7,81.8392,2.83,25.7876,30.4,0
"117","1962-12-01",3.86,5.5,81.6791,2.87,25.7876,30.4,0
"118","1963-01-01",3.83,5.7,81.9446,2.91,25.9762,30.4,0
"119","1963-02-01",3.92,5.9,82.3778,2.92,26.2727,30.4,0
"120","1963-03-01",3.93,5.7,82.6243,2.89,26.4344,30.5,0
"121","1963-04-01",3.97,5.7,83.4581,2.9,26.6769,30.5,0
"122","1963-05-01",3.93,5.9,83.9513,2.93,27.0002,30.5,0
"123","1963-06-01",3.99,5.6,83.9398,2.99,27.0811,30.6,0
"124","1963-07-01",4.02,5.6,83.3448,3.18,26.9733,30.7,0
"125","1963-08-01",4,5.4,83.5014,3.32,27.0272,30.7,0
"126","1963-09-01",4.08,5.5,83.8227,3.38,27.2966,30.7,0
"127","1963-10-01",4.11,5.5,84.3071,3.45,27.4853,30.8,0
"128","1963-11-01",4.12,5.7,84.2946,3.52,27.62,30.8,0
"129","1963-12-01",4.13,5.5,84.0095,3.52,27.5661,30.9,0
"130","1964-01-01",4.17,5.6,84.4621,3.52,27.8086,30.9,0
"131","1964-02-01",4.15,5.4,84.6673,3.53,27.9972,30.9,0
"132","1964-03-01",4.22,5.4,84.3575,3.54,27.9972,30.9,0
"133","1964-04-01",4.23,5.3,85.5869,3.47,28.4553,30.9,0
"134","1964-05-01",4.2,5.1,85.5983,3.48,28.617,30.9,0
"135","1964-06-01",4.17,5.2,85.449,3.48,28.6978,31,0
"136","1964-07-01",4.19,4.9,85.861,3.46,28.8865,31.1,0
"137","1964-08-01",4.19,5,86.1105,3.5,29.0751,31,0
"138","1964-09-01",4.2,5.1,86.1994,3.53,29.1829,31.1,0
"139","1964-10-01",4.19,5.1,84.6252,3.57,28.7787,31.1,0
"140","1964-11-01",4.15,4.8,86.8484,3.64,29.6679,31.2,0
"141","1964-12-01",4.18,5,88.0025,3.84,30.0182,31.2,0
"142","1965-01-01",4.19,4.9,88.5986,3.81,30.3416,31.2,0
"143","1965-02-01",4.21,5.1,88.7226,3.93,30.5302,31.2,0
"144","1965-03-01",4.21,4.7,89.2769,3.93,30.9344,31.3,0
"145","1965-04-01",4.2,4.8,89.2868,3.93,31.0691,31.4,0
"146","1965-05-01",4.21,4.6,89.4494,3.89,31.3116,31.4,0
"147","1965-06-01",4.21,4.6,89.4582,3.8,31.5541,31.6,0
"148","1965-07-01",4.2,4.4,90.2974,3.84,31.8506,31.6,0
"149","1965-08-01",4.25,4.4,89.8508,3.84,31.9853,31.6,0
"150","1965-09-01",4.29,4.3,89.5586,3.92,32.0661,31.6,0
"151","1965-10-01",4.35,4.2,89.7893,4.03,32.3895,31.7,0
"152","1965-11-01",4.45,4.1,89.6483,4.09,32.5242,31.7,0
"153","1965-12-01",4.62,4,90.5141,4.38,32.9284,31.8,0
"154","1966-01-01",4.61,4,90.8594,4.59,33.2518,31.8,0
"155","1966-02-01",4.83,3.8,90.9108,4.65,33.4674,32,0
"156","1966-03-01",4.87,3.8,91.5884,4.59,33.9254,32.1,0
"157","1966-04-01",4.75,3.8,91.5416,4.62,33.9793,32.3,0
"158","1966-05-01",4.78,3.9,91.6379,4.64,34.3027,32.3,0
"159","1966-06-01",4.81,3.8,91.5205,4.5,34.4643,32.4,0
"160","1966-07-01",5.02,3.8,91.4046,4.8,34.653,32.5,0
"161","1966-08-01",5.22,3.8,91.0801,4.96,34.6799,32.7,0
"162","1966-09-01",5.18,3.7,91.2464,5.37,35.0033,32.7,0
"163","1966-10-01",5.01,3.7,91.618,5.35,35.2458,32.9,0
"164","1966-11-01",5.16,3.6,90.1293,5.32,35.0033,32.9,0
"165","1966-12-01",4.84,3.8,90.0246,4.96,35.0841,32.9,0
"166","1967-01-01",4.58,3.9,89.8425,4.72,35.2496,32.9,0
"167","1967-02-01",4.63,3.8,88.3949,4.56,34.8498,32.9,0
"168","1967-03-01",4.54,3.8,87.5162,4.26,34.6534,33,0
"169","1967-04-01",4.59,3.8,87.6555,3.84,34.9802,33.1,0
"170","1967-05-01",4.85,3.8,86.6106,3.6,34.675,33.2,0
"171","1967-06-01",5.02,3.9,86.0691,3.54,34.6707,33.3,0
"172","1967-07-01",5.16,3.8,85.3074,4.21,34.5918,33.4,0
"173","1967-08-01",5.28,3.8,86.4918,4.27,35.2545,33.5,0
"174","1967-09-01",5.3,3.8,86.0644,4.42,35.1972,33.6,0
"175","1967-10-01",5.48,4,86.3701,4.56,35.4839,33.7,0
"176","1967-11-01",5.75,3.9,87.5349,4.73,35.9914,33.8,0
"177","1967-12-01",5.7,3.8,88.0043,4.97,36.379,33.9,0
"178","1968-01-01",5.53,3.7,87.409,5,36.3399,34.1,0
"179","1968-02-01",5.56,3.8,87.4074,4.98,36.4701,34.2,0
"180","1968-03-01",5.74,3.7,87.162,5.17,36.5839,34.3,0
"181","1968-04-01",5.64,3.5,86.8664,5.38,36.6369,34.4,0
"182","1968-05-01",5.87,3.5,87.5813,5.66,37.0478,34.5,0
"183","1968-06-01",5.72,3.7,87.3857,5.52,37.1839,34.7,0
"184","1968-07-01",5.5,3.7,86.7442,5.31,37.1269,34.9,0
"185","1968-08-01",5.42,3.5,86.7968,5.09,37.2305,35,0
"186","1968-09-01",5.46,3.4,86.4725,5.19,37.3715,35.1,0
"187","1968-10-01",5.58,3.4,86.6458,5.35,37.4457,35.3,0
"188","1968-11-01",5.7,3.4,87.5043,5.45,37.9301,35.4,0
"189","1968-12-01",6.03,3.4,87.1424,5.96,38.0499,35.5,0
"190","1969-01-01",6.04,3.4,87.3139,6.14,38.2801,35.6,0
"191","1969-02-01",6.19,3.4,87.6817,6.12,38.525,35.8,0
"192","1969-03-01",6.3,3.4,88.0126,6.02,38.8271,36.1,0
"193","1969-04-01",6.17,3.4,87.3107,6.11,38.6842,36.3,0
"194","1969-05-01",6.32,3.4,86.6287,6.04,38.538,36.4,0
"195","1969-06-01",6.57,3.5,86.8252,6.44,38.9145,36.6,0
"196","1969-07-01",6.72,3.5,87.1261,7,39.12,36.8,0
"197","1969-08-01",6.69,3.5,86.9188,6.98,39.2099,37,0
"198","1969-09-01",7.16,3.7,86.4755,7.09,39.2011,37.1,0
"199","1969-10-01",7.1,3.7,86.2402,7,39.2125,37.3,0
"200","1969-11-01",7.14,3.5,85.0251,7.24,38.8429,37.5,0
"201","1969-12-01",7.65,3.5,84.2567,7.82,38.7387,37.7,0
"202","1970-01-01",7.79,3.9,82.1335,7.87,38.0213,37.8,1
"203","1970-02-01",7.24,4.2,81.938,7.13,37.9963,38,1
"204","1970-03-01",7.07,4.4,81.4462,6.63,37.9469,38.2,1
"205","1970-04-01",7.39,4.6,80.9011,6.51,37.8494,38.5,1
"206","1970-05-01",7.91,4.8,80.4593,6.84,37.8053,38.6,1
"207","1970-06-01",7.84,4.9,79.9662,6.68,37.683,38.8,1
"208","1970-07-01",7.46,5,79.9645,6.45,37.7755,39,1
"209","1970-08-01",7.53,5.1,79.1743,6.41,37.7081,39,1
"210","1970-09-01",7.39,5.4,78.2647,6.12,37.4482,39.2,1
"211","1970-10-01",7.33,5.5,76.2794,5.91,36.6991,39.4,1
"212","1970-11-01",6.84,5.9,75.5798,5.28,36.4768,39.6,1
"213","1970-12-01",6.39,6.1,77.333,4.87,37.3145,39.8,0
"214","1971-01-01",6.24,5.9,77.7685,4.44,37.6015,39.8,0
"215","1971-02-01",6.11,5.9,77.6072,3.7,37.5299,39.9,0
"216","1971-03-01",5.7,6,77.2483,3.38,37.4892,40,0
"217","1971-04-01",5.83,5.9,77.4566,3.86,37.6998,40.1,0
"218","1971-05-01",6.39,5.9,77.7805,4.14,37.8911,40.3,0
"219","1971-06-01",6.52,5.9,77.7789,4.75,38.05,40.6,0
"220","1971-07-01",6.73,6,77.7143,5.4,37.9395,40.7,0
"221","1971-08-01",6.58,6.1,76.6008,4.94,37.7193,40.8,0
"222","1971-09-01",6.14,6,77.955,4.69,38.3324,40.8,0
"223","1971-10-01",5.93,5.8,78.9153,4.46,38.6193,40.9,0
"224","1971-11-01",5.81,6,79.0088,4.22,38.7832,40.9,0
"225","1971-12-01",5.93,6,79.5436,4.01,39.2309,41.1,0
"226","1972-01-01",5.95,5.8,81.3563,3.38,40.1688,41.1,0
"227","1972-02-01",6.08,5.7,81.8387,3.2,40.5837,41.3,0
"228","1972-03-01",6.07,5.8,82.1969,3.73,40.8655,41.4,0
"229","1972-04-01",6.19,5.7,82.8652,3.71,41.2656,41.5,0
"230","1972-05-01",6.13,5.7,82.7987,3.69,41.2706,41.6,0
"231","1972-06-01",6.11,5.7,82.8694,3.91,41.3786,41.7,0
"232","1972-07-01",6.11,5.6,82.6283,3.98,41.3347,41.9,0
"233","1972-08-01",6.21,5.6,83.5009,4.02,41.9046,42,0
"234","1972-09-01",6.55,5.5,83.922,4.66,42.2284,42.1,0
"235","1972-10-01",6.48,5.6,84.8876,4.74,42.7745,42.3,0
"236","1972-11-01",6.28,5.3,85.6903,4.78,43.2795,42.4,0
"237","1972-12-01",6.36,5.2,86.5657,5.07,43.7695,42.5,0
"238","1973-01-01",6.46,4.9,86.9679,5.41,44.0847,42.6,0
"239","1973-02-01",6.64,5,88.087,5.6,44.7242,42.9,0
"240","1973-03-01",6.71,4.9,87.9647,6.09,44.7435,43.3,0
"241","1973-04-01",6.67,5,87.5329,6.26,44.6782,43.6,0
"242","1973-05-01",6.85,4.9,87.8033,6.36,44.9741,43.9,0
"243","1973-06-01",6.9,4.9,87.5117,7.19,45.0257,44.2,0
"244","1973-07-01",7.13,4.8,87.5868,8.01,45.1952,44.3,0
"245","1973-08-01",7.4,4.8,87.0713,8.67,45.1308,45.1,0
"246","1973-09-01",7.09,4.8,87.4335,8.29,45.4862,45.2,0
"247","1973-10-01",6.79,4.6,87.9861,7.22,45.8531,45.6,0
"248","1973-11-01",6.73,4.8,88.3136,7.83,46.0654,45.9,0
"249","1973-12-01",6.74,4.9,88.0625,7.45,45.9344,46.2,1
"250","1974-01-01",6.99,5.1,87.0903,7.77,45.6298,46.6,1
"251","1974-02-01",6.96,5.2,86.4819,7.12,45.4951,47.2,1
"252","1974-03-01",7.21,5.1,86.1303,7.96,45.4952,47.8,1
"253","1974-04-01",7.51,5.1,85.5109,8.33,45.3625,48,1
"254","1974-05-01",7.58,5.1,85.9155,8.23,45.7241,48.6,1
"255","1974-06-01",7.54,5.4,85.6978,7.9,45.639,49,1
"256","1974-07-01",7.81,5.5,85.4406,7.55,45.7193,49.4,1
"257","1974-08-01",8.04,5.5,84.4646,8.96,45.2357,50,1
"258","1974-09-01",8.04,5.9,84.278,8.06,45.2421,50.6,1
"259","1974-10-01",7.9,6,83.517,7.46,45.1011,51.1,1
"260","1974-11-01",7.68,6.6,80.8563,7.47,43.6158,51.5,1
"261","1974-12-01",7.43,7.2,77.0531,7.15,42.0553,51.9,1
"262","1975-01-01",7.5,8.1,75.3427,6.26,41.475,52.1,1
"263","1975-02-01",7.39,8.1,73.1344,5.5,40.529,52.5,1
"264","1975-03-01",7.73,8.6,72.0228,5.49,40.0796,52.7,1
"265","1975-04-01",8.23,8.8,71.8945,5.61,40.1527,52.9,0
"266","1975-05-01",8.06,9,71.6955,5.23,40.0399,53.2,0
"267","1975-06-01",7.86,8.8,72.1926,5.34,40.2987,53.6,0
"268","1975-07-01",8.06,8.6,73.0782,6.13,40.7094,54.2,0
"269","1975-08-01",8.4,8.4,73.6925,6.44,41.1098,54.3,0
"270","1975-09-01",8.43,8.4,74.7836,6.42,41.638,54.6,0
"271","1975-10-01",8.14,8.4,75.0367,5.96,41.8171,54.9,0
"272","1975-11-01",8.05,8.3,75.0111,5.48,41.8764,55.3,0
"273","1975-12-01",8,8.2,75.9509,5.44,42.4484,55.5,0
"274","1976-01-01",7.74,7.9,76.691,4.87,43.0149,55.6,0
"275","1976-02-01",7.79,7.7,77.6618,4.88,43.4515,55.8,0
"276","1976-03-01",7.73,7.6,77.7231,5,43.5359,55.9,0
"277","1976-04-01",7.56,7.7,78.0044,4.86,43.7593,56.1,0
"278","1976-05-01",7.9,7.4,78.2015,5.2,43.9359,56.5,0
"279","1976-06-01",7.86,7.6,78.1161,5.41,43.9918,56.8,0
"280","1976-07-01",7.83,7.8,78.4709,5.23,44.2254,57.1,0
"281","1976-08-01",7.77,7.8,78.7985,5.14,44.5365,57.4,0
"282","1976-09-01",7.59,7.6,78.8134,5.08,44.6775,57.6,0
"283","1976-10-01",7.41,7.7,78.538,4.92,44.6695,57.9,0
"284","1976-11-01",7.29,7.8,79.3757,4.75,45.354,58,0
"285","1976-12-01",6.87,7.8,80.0125,4.35,45.8357,58.2,0
"286","1977-01-01",7.21,7.5,79.4992,4.62,45.5276,58.5,0
"287","1977-02-01",7.39,7.6,80.7699,4.67,46.2567,59.1,0
"288","1977-03-01",7.46,7.4,81.7241,4.6,46.8356,59.5,0
"289","1977-04-01",7.37,7.2,82.3882,4.54,47.2898,60,0
"290","1977-05-01",7.46,7,82.824,4.96,47.6607,60.3,0
"291","1977-06-01",7.28,7.2,83.3149,5.02,48.0196,60.7,0
"292","1977-07-01",7.33,6.9,83.0738,5.19,48.0819,61,0
"293","1977-08-01",7.4,7,83.2927,5.49,48.1315,61.2,0
"294","1977-09-01",7.34,6.8,83.1118,5.81,48.3308,61.4,0
"295","1977-10-01",7.52,6.8,83.027,6.16,48.4014,61.6,0
"296","1977-11-01",7.58,6.8,82.9971,6.1,48.4924,61.9,0
"297","1977-12-01",7.69,6.4,83.6324,6.07,48.564,62.1,0
"298","1978-01-01",7.96,6.4,82.1496,6.44,47.8693,62.5,0
"299","1978-02-01",8.03,6.3,82.2301,6.45,48.1283,62.9,0
"300","1978-03-01",8.04,6.3,83.4516,6.29,49.0553,63.4,0
"301","1978-04-01",8.15,6.1,84.4536,6.29,50.026,63.9,0
"302","1978-05-01",8.35,6,84.6087,6.41,50.2717,64.5,0
"303","1978-06-01",8.46,5.9,84.9512,6.73,50.5939,65.2,0
"304","1978-07-01",8.64,6.2,84.5978,7.01,50.5499,65.7,0
"305","1978-08-01",8.41,5.9,84.7735,7.08,50.7622,66,0
"306","1978-09-01",8.42,6,84.8823,7.85,50.8856,66.5,0
"307","1978-10-01",8.64,5.8,85.2229,7.99,51.2821,67.1,0
"308","1978-11-01",8.81,5.9,85.7416,8.64,51.6737,67.4,0
"309","1978-12-01",9.01,6,86.1065,9.08,51.9404,67.7,0
"310","1979-01-01",9.1,5.9,85.2276,9.35,51.6507,68.3,0
"311","1979-02-01",9.1,5.9,85.2445,9.32,51.9097,69.1,0
"312","1979-03-01",9.12,5.8,85.4034,9.48,52.0667,69.8,0
"313","1979-04-01",9.18,5.8,83.7258,9.46,51.4548,70.6,0
"314","1979-05-01",9.25,5.6,84.6423,9.61,51.9061,71.5,0
"315","1979-06-01",8.91,5.7,84.4912,9.06,51.9067,72.3,0
"316","1979-07-01",8.95,5.7,84.3433,9.24,51.8258,73.1,0
"317","1979-08-01",9.03,6,83.0831,9.52,51.49,73.8,0
"318","1979-09-01",9.33,5.9,82.9509,10.26,51.4847,74.6,0
"319","1979-10-01",10.3,6,83.177,11.7,51.8421,75.2,0
"320","1979-11-01",10.65,5.9,82.7205,11.79,51.7591,75.9,0
"321","1979-12-01",10.39,6,82.7577,12.04,51.7974,76.7,0
"322","1980-01-01",10.8,6.3,82.9833,12,52.0677,77.8,0
"323","1980-02-01",12.41,6.3,82.7141,12.86,52.0899,78.9,1
"324","1980-03-01",12.75,6.3,81.8284,15.2,51.8687,80.1,1
"325","1980-04-01",11.47,6.9,79.9984,13.2,50.8454,81,1
"326","1980-05-01",10.18,7.5,77.4669,8.58,49.5947,81.8,1
"327","1980-06-01",9.78,7.6,76.0834,7.07,48.9621,82.7,1
"328","1980-07-01",10.25,7.8,75.1454,8.06,48.609,82.7,1
"329","1980-08-01",11.1,7.7,75.482,9.13,48.7646,83.3,0
"330","1980-09-01",11.51,7.5,76.5512,10.27,49.5764,84,0
"331","1980-10-01",11.75,7.5,77.7164,11.62,50.2058,84.8,0
"332","1980-11-01",12.68,7.5,78.8762,13.73,51.0418,85.5,0
"333","1980-12-01",12.84,7.2,79.008,15.49,51.3906,86.3,0
"334","1981-01-01",12.57,7.5,78.4476,15.02,51.0656,87,0
"335","1981-02-01",13.19,7.4,77.8264,14.79,50.8554,87.9,0
"336","1981-03-01",13.12,7.4,77.8459,13.36,51.1107,88.5,0
"337","1981-04-01",13.68,7.2,78.0353,13.69,50.8864,89.1,0
"338","1981-05-01",14.1,7.5,78.1936,16.3,51.1788,89.8,0
"339","1981-06-01",13.47,7.5,77.6243,14.73,51.4496,90.6,0
"340","1981-07-01",14.28,7.2,77.5453,14.95,51.7764,91.6,0
"341","1981-08-01",14.94,7.4,77.3226,15.51,51.7129,92.3,1
"342","1981-09-01",15.32,7.6,76.8416,14.7,51.4605,93.2,1
"343","1981-10-01",15.15,7.9,75.8671,13.54,51.0625,93.4,1
"344","1981-11-01",13.39,8.3,74.7344,10.86,50.473,93.7,1
"345","1981-12-01",13.72,8.5,73.337,10.85,49.9364,94,1
"346","1982-01-01",14.59,8.6,71.3537,12.28,48.9114,94.3,1
"347","1982-02-01",14.43,8.9,73.228,13.48,49.9102,94.6,1
"348","1982-03-01",13.86,9,72.5386,12.68,49.5691,94.5,1
"349","1982-04-01",13.87,9.3,71.8408,12.7,49.1146,94.9,1
"350","1982-05-01",13.62,9.4,71.5504,12.09,48.7805,95.8,1
"351","1982-06-01",14.3,9.6,71.386,12.47,48.6606,97,1
"352","1982-07-01",13.95,9.8,71.1652,11.35,48.4863,97.5,1
"353","1982-08-01",13.06,9.8,70.4453,8.68,48.0569,97.7,1
"354","1982-09-01",12.34,10.1,70.2337,7.92,47.9303,97.9,1
"355","1982-10-01",10.91,10.4,69.2881,7.71,47.4738,98.2,1
"356","1982-11-01",10.55,10.8,68.8474,8.07,47.32,98,1
"357","1982-12-01",10.54,10.8,68.5853,7.94,46.9813,97.6,0
"358","1983-01-01",10.46,10.4,70.1273,7.86,47.8523,97.8,0
"359","1983-02-01",10.72,10.4,70.0551,8.11,47.5667,97.9,0
"360","1983-03-01",10.51,10.3,70.6704,8.35,47.9599,97.9,0
"361","1983-04-01",10.4,10.2,71.4951,8.21,48.5564,98.6,0
"362","1983-05-01",10.38,10.1,72.3173,8.19,48.8647,99.2,0
"363","1983-06-01",10.85,10.1,72.8536,8.79,49.1558,99.5,0
"364","1983-07-01",11.38,9.4,73.8583,9.08,49.8873,99.9,0
"365","1983-08-01",11.85,9.5,74.4784,9.34,50.4843,100.2,0
"366","1983-09-01",11.65,9.2,75.8005,9,51.216,100.7,0
"367","1983-10-01",11.54,8.8,76.5371,8.64,51.6139,101,0
"368","1983-11-01",11.69,8.5,76.8565,8.76,51.842,101.2,0
"369","1983-12-01",11.83,8.3,76.9683,9,52.0948,101.3,0
"370","1984-01-01",11.67,8,78.2653,8.9,53.1348,101.9,0
"371","1984-02-01",11.84,7.8,79.0031,9.09,53.3763,102.4,0
"372","1984-03-01",12.32,7.8,79.2241,9.52,53.6314,102.6,0
"373","1984-04-01",12.63,7.7,79.4626,9.69,53.9491,103.1,0
"374","1984-05-01",13.41,7.4,79.5443,9.83,54.2396,103.4,0
"375","1984-06-01",13.56,7.2,79.7206,9.87,54.4288,103.7,0
"376","1984-07-01",13.36,7.5,79.8585,10.12,54.5865,104.1,0
"377","1984-08-01",12.72,7.5,79.822,10.47,54.653,104.5,0
"378","1984-09-01",12.52,7.3,79.3096,10.37,54.4949,105,0
"379","1984-10-01",12.16,7.4,79.527,9.74,54.4772,105.3,0
"380","1984-11-01",11.57,7.2,79.4968,8.61,54.6594,105.3,0
"381","1984-12-01",11.5,7.3,79.4614,8.06,54.6892,105.3,0
"382","1985-01-01",11.38,7.3,79.0547,7.76,54.6505,105.5,0
"383","1985-02-01",11.51,7.2,78.5133,8.27,54.8169,106,0
"384","1985-03-01",11.86,7.2,78.8821,8.52,54.8978,106.4,0
"385","1985-04-01",11.43,7.3,78.3765,7.95,54.7833,106.9,0
"386","1985-05-01",10.85,7.2,78.3168,7.48,54.8704,107.3,0
"387","1985-06-01",10.16,7.4,78.1292,6.95,54.8401,107.6,0
"388","1985-07-01",10.31,7.4,77.6164,7.08,54.5582,107.8,0
"389","1985-08-01",10.33,7.1,77.8269,7.14,54.7381,108,0
"390","1985-09-01",10.37,7.1,77.71,7.1,54.9416,108.3,0
"391","1985-10-01",10.24,7.1,77.4131,7.16,54.7538,108.7,0
"392","1985-11-01",9.78,7,77.8028,7.24,54.939,109,0
"393","1985-12-01",9.26,7,77.9797,7.1,55.4945,109.3,0
"394","1986-01-01",9.19,6.7,78.8065,7.07,55.7802,109.6,0
"395","1986-02-01",8.7,7.2,78.2937,7.06,55.3994,109.3,0
"396","1986-03-01",7.78,7.2,77.9427,6.56,55.0001,108.8,0
"397","1986-04-01",7.3,7.1,78.2478,6.06,55.0641,108.6,0
"398","1986-05-01",7.71,7.2,78.3061,6.15,55.1705,108.9,0
"399","1986-06-01",7.8,7.2,77.9152,6.21,54.9588,109.5,0
"400","1986-07-01",7.3,7,78.2634,5.83,55.2944,109.5,0
"401","1986-08-01",7.17,6.9,78.3706,5.53,55.2029,109.7,0
"402","1986-09-01",7.45,7,78.4782,5.21,55.3511,110.2,0
"403","1986-10-01",7.43,7,78.6444,5.18,55.5857,110.3,0
"404","1986-11-01",7.25,6.9,78.7835,5.35,55.803,110.4,0
"405","1986-12-01",7.11,6.6,79.4044,5.53,56.3441,110.5,0
"406","1987-01-01",7.08,6.6,78.9372,5.43,56.1259,111.2,0
"407","1987-02-01",7.25,6.6,79.93,5.59,56.8779,111.6,0
"408","1987-03-01",7.25,6.6,79.7739,5.59,56.9516,112.1,0
"409","1987-04-01",8.02,6.3,80.028,5.64,57.3177,112.7,0
"410","1987-05-01",8.61,6.3,80.3672,5.66,57.6774,113.1,0
"411","1987-06-01",8.4,6.2,80.4896,5.67,57.9875,113.5,0
"412","1987-07-01",8.45,6.1,80.9003,5.69,58.379,113.8,0
"413","1987-08-01",8.76,6,81.1446,6.04,58.8171,114.4,0
"414","1987-09-01",9.42,5.9,81.5314,6.4,59.0391,115,0
"415","1987-10-01",9.52,6,82.547,6.13,59.834,115.3,0
"416","1987-11-01",8.86,5.8,82.8735,5.69,60.1367,115.4,0
"417","1987-12-01",8.99,5.7,83.3129,5.77,60.4739,115.4,0
"418","1988-01-01",8.67,5.7,83.0334,5.81,60.4594,115.7,0
"419","1988-02-01",8.21,5.7,83.2326,5.66,60.7643,116,0
"420","1988-03-01",8.37,5.7,83.3896,5.7,60.8948,116.5,0
"421","1988-04-01",8.72,5.4,84.0899,5.91,61.2475,117.1,0
"422","1988-05-01",9.09,5.6,83.8579,6.26,61.1353,117.5,0
"423","1988-06-01",8.92,5.4,83.9874,6.46,61.2995,118,0
"424","1988-07-01",9.06,5.4,83.9048,6.73,61.311,118.5,0
"425","1988-08-01",9.26,5.6,84.0081,7.06,61.6234,119,0
"426","1988-09-01",8.98,5.4,84.2279,7.24,61.4255,119.8,0
"427","1988-10-01",8.8,5.4,84.5289,7.35,61.694,120.2,0
"428","1988-11-01",8.96,5.3,84.762,7.76,61.8494,120.3,0
"429","1988-12-01",9.11,5.3,85.056,8.07,62.1171,120.5,0
"430","1989-01-01",9.09,5.4,85.6237,8.27,62.3103,121.1,0
"431","1989-02-01",9.17,5.2,84.6617,8.53,62.0353,121.6,0
"432","1989-03-01",9.36,5,84.4397,8.82,62.195,122.3,0
"433","1989-04-01",9.18,5.2,84.3845,8.65,62.1753,123.1,0
"434","1989-05-01",8.86,5.2,83.5626,8.43,61.8321,123.8,0
"435","1989-06-01",8.28,5.3,83.4734,8.15,61.8246,124.1,0
"436","1989-07-01",8.02,5.2,82.2762,7.88,61.2285,124.4,0
"437","1989-08-01",8.11,5.2,82.8435,7.9,61.8334,124.6,0
"438","1989-09-01",8.19,5.3,82.4198,7.75,61.6221,125,0
"439","1989-10-01",8.01,5.3,82.0129,7.64,61.5537,125.6,0
"440","1989-11-01",7.87,5.4,81.9668,7.69,61.7575,125.9,0
"441","1989-12-01",7.84,5.4,81.7781,7.63,62.1111,126.1,0
"442","1990-01-01",8.21,5.4,81.5059,7.64,61.7781,127.4,0
"443","1990-02-01",8.47,5.3,82.3981,7.74,62.3426,128,0
"444","1990-03-01",8.59,5.2,82.5998,7.9,62.6446,128.7,0
"445","1990-04-01",8.79,5.4,82.0854,7.77,62.5104,128.9,0
"446","1990-05-01",8.76,5.4,82.1352,7.74,62.6898,129.2,0
"447","1990-06-01",8.48,5.2,82.1988,7.73,62.8923,129.9,0
"448","1990-07-01",8.47,5.5,81.8555,7.62,62.7933,130.4,0
"449","1990-08-01",8.75,5.7,82.0032,7.45,63.0241,131.6,1
"450","1990-09-01",8.89,5.9,81.7092,7.36,63.0328,132.7,1
"451","1990-10-01",8.72,5.9,81.0468,7.17,62.6466,133.5,1
"452","1990-11-01",8.39,6.2,79.9658,7.06,61.8681,133.8,1
"453","1990-12-01",8.08,6.3,79.2297,6.74,61.4345,133.8,1
"454","1991-01-01",8.09,6.4,78.628,6.22,61.2241,134.6,1
"455","1991-02-01",7.85,6.6,77.9825,5.94,60.779,134.8,1
"456","1991-03-01",8.11,6.8,77.3125,5.91,60.4377,135,1
"457","1991-04-01",8.04,6.7,77.5699,5.65,60.5982,135.2,0
"458","1991-05-01",8.07,6.9,78.0259,5.46,61.2041,135.6,0
"459","1991-06-01",8.28,6.9,78.6558,5.57,61.6923,136,0
"460","1991-07-01",8.27,6.8,78.9835,5.58,61.8569,136.2,0
"461","1991-08-01",7.9,6.9,78.9952,5.33,61.8681,136.6,0
"462","1991-09-01",7.65,6.9,79.7075,5.22,62.3855,137.2,0
"463","1991-10-01",7.53,7,79.5208,4.99,62.3229,137.4,0
"464","1991-11-01",7.42,7,79.2353,4.56,62.2427,137.8,0
"465","1991-12-01",7.09,7.3,78.9152,4.07,61.9705,137.9,0
"466","1992-01-01",7.03,7.3,78.3166,3.8,61.6471,138.1,0
"467","1992-02-01",7.34,7.4,78.8323,3.84,62.0794,138.6,0
"468","1992-03-01",7.54,7.4,79.4536,4.04,62.5955,139.3,0
"469","1992-04-01",7.48,7.4,79.6908,3.75,63.0726,139.5,0
"470","1992-05-01",7.39,7.6,79.9536,3.63,63.2761,139.7,0
"471","1992-06-01",7.26,7.8,80.0105,3.66,63.3102,140.2,0
"472","1992-07-01",6.84,7.7,80.5182,3.21,63.8769,140.5,0
"473","1992-08-01",6.59,7.6,79.9136,3.13,63.5221,140.9,0
"474","1992-09-01",6.42,7.6,79.8314,2.91,63.7217,141.3,0
"475","1992-10-01",6.59,7.3,80.0985,2.86,64.1556,141.8,0
"476","1992-11-01",6.87,7.4,80.226,3.13,64.4144,142,0
"477","1992-12-01",6.77,7.4,80.0185,3.22,64.5161,141.9,0
"478","1993-01-01",6.6,7.3,80.6153,3,64.7738,142.6,0
"479","1993-02-01",6.26,7.1,80.6867,2.93,65.0805,143.1,0
"480","1993-03-01",5.98,7,80.3924,2.95,65.0176,143.6,0
"481","1993-04-01",5.97,7.1,80.6448,2.87,65.2041,144,0
"482","1993-05-01",6.04,7.1,80.3984,2.96,64.9433,144.2,0
"483","1993-06-01",5.96,7,80.1945,3.07,65.0984,144.4,0
"484","1993-07-01",5.81,6.9,80.2216,3.04,65.2554,144.4,0
"485","1993-08-01",5.68,6.8,79.931,3.02,65.1946,144.8,0
"486","1993-09-01",5.36,6.7,80.3431,2.95,65.5282,145.1,0
"487","1993-10-01",5.33,6.8,80.86,3.02,66.0152,145.7,0
"488","1993-11-01",5.72,6.6,81.0919,3.1,66.3292,145.8,0
"489","1993-12-01",5.77,6.5,81.3961,3.06,66.7038,145.8,0
"490","1994-01-01",5.75,6.6,81.2877,2.98,66.9164,146.2,0
"491","1994-02-01",5.97,6.6,81.2123,3.25,66.9642,146.7,0
"492","1994-03-01",6.48,6.5,82.0455,3.5,67.6335,147.2,0
"493","1994-04-01",6.97,6.4,82.5274,3.68,68.0334,147.4,0
"494","1994-05-01",7.18,6.1,82.7575,4.14,68.3531,147.5,0
"495","1994-06-01",7.1,6.1,82.7267,4.14,68.8002,148,0
"496","1994-07-01",7.3,6.1,82.7502,4.33,68.8863,148.4,0
"497","1994-08-01",7.24,6,83.1817,4.48,69.3412,149,0
"498","1994-09-01",7.46,5.9,83.2289,4.62,69.5574,149.4,0
"499","1994-10-01",7.74,5.8,83.7014,4.95,70.119,149.5,0
"500","1994-11-01",7.96,5.6,84.0795,5.29,70.5942,149.7,0
"501","1994-12-01",7.81,5.5,84.6547,5.6,71.2814,149.7,0
"502","1995-01-01",7.78,5.6,84.4884,5.71,71.4303,150.3,0
"503","1995-02-01",7.47,5.4,83.9542,5.77,71.3343,150.9,0
"504","1995-03-01",7.2,5.4,83.8528,5.73,71.4451,151.4,0
"505","1995-04-01",7.06,5.8,83.2465,5.65,71.3289,151.9,0
"506","1995-05-01",6.63,5.6,83.199,5.67,71.66,152.2,0
"507","1995-06-01",6.17,5.6,83.236,5.47,71.8967,152.5,0
"508","1995-07-01",6.28,5.7,82.3027,5.42,71.5924,152.5,0
"509","1995-08-01",6.49,5.7,82.8816,5.4,72.5339,152.9,0
"510","1995-09-01",6.2,5.6,83.2325,5.28,72.8247,153.2,0
"511","1995-10-01",6.04,5.5,82.7373,5.28,72.713,153.7,0
"512","1995-11-01",5.93,5.6,82.3838,5.36,72.8884,153.6,0
"513","1995-12-01",5.71,5.6,82.2404,5.14,73.1429,153.5,0
"514","1996-01-01",5.65,5.6,81.2806,5,72.7471,154.4,0
"515","1996-02-01",5.81,5.5,82.0093,4.83,73.7871,154.9,0
"516","1996-03-01",6.27,5.5,81.3713,4.96,73.6749,155.7,0
"517","1996-04-01",6.51,5.6,81.9246,4.95,74.4153,156.3,0
"518","1996-05-01",6.74,5.6,82.1216,5.02,74.9718,156.6,0
"519","1996-06-01",6.91,5.3,82.4326,5.09,75.5317,156.7,0
"520","1996-07-01",6.87,5.5,82.3406,5.15,75.5323,157,0
"521","1996-08-01",6.64,5.1,82.2621,5.05,75.9129,157.3,0
"522","1996-09-01",6.83,5.2,82.4699,5.09,76.4032,157.8,0
"523","1996-10-01",6.53,5.2,81.9437,4.99,76.3931,158.3,0
"524","1996-11-01",6.2,5.4,82.2046,5.03,77.0672,158.6,0
"525","1996-12-01",6.3,5.4,82.4533,4.91,77.5543,158.6,0
"526","1997-01-01",6.58,5.3,82.116,5.03,77.6945,159.1,0
"527","1997-02-01",6.42,5.2,82.787,5.01,78.612,159.6,0
"528","1997-03-01",6.69,5.2,83.0975,5.14,79.1021,160,0
"529","1997-04-01",6.89,5.1,82.5449,5.16,79.1683,160.2,0
"530","1997-05-01",6.71,4.9,82.635,5.05,79.6084,160.1,0
"531","1997-06-01",6.49,5,82.6473,4.93,79.9802,160.3,0
"532","1997-07-01",6.22,4.9,82.7415,5.05,80.6492,160.5,0
"533","1997-08-01",6.3,4.8,83.1904,5.14,81.4548,160.8,0
"534","1997-09-01",6.21,4.9,83.3769,4.95,82.212,161.2,0
"535","1997-10-01",6.03,4.7,83.5276,4.97,82.9309,161.6,0
"536","1997-11-01",5.88,4.6,83.7316,5.14,83.5919,161.5,0
"537","1997-12-01",5.81,4.7,83.5645,5.16,83.9696,161.3,0
"538","1998-01-01",5.54,4.6,83.5819,5.04,84.3467,161.6,0
"539","1998-02-01",5.57,4.6,83.1026,5.09,84.4865,161.9,0
"540","1998-03-01",5.65,4.7,82.3591,5.03,84.5212,162.2,0
"541","1998-04-01",5.64,4.3,82.157,4.95,84.8275,162.5,0
"542","1998-05-01",5.65,4.4,81.9965,5,85.3596,162.8,0
"543","1998-06-01",5.5,4.5,80.8345,4.98,84.8466,163,0
"544","1998-07-01",5.46,4.5,79.9783,4.96,84.5061,163.2,0
"545","1998-08-01",5.34,4.5,81.4302,4.9,86.2464,163.4,0
"546","1998-09-01",4.81,4.6,80.8757,4.61,86.1707,163.6,0
"547","1998-10-01",4.53,4.5,81.1189,3.96,86.7671,164,0
"548","1998-11-01",4.83,4.4,80.8023,4.41,86.6929,164,0
"549","1998-12-01",4.65,4.4,80.8622,4.39,87.0633,163.9,0
"550","1999-01-01",4.72,4.3,80.6633,4.34,87.4252,164.3,0
"551","1999-02-01",5,4.4,80.9673,4.44,87.926,164.5,0
"552","1999-03-01",5.23,4.2,80.577,4.44,88.1101,165,0
"553","1999-04-01",5.18,4.3,80.4941,4.29,88.3106,166.2,0
"554","1999-05-01",5.54,4.2,80.7718,4.5,88.8487,166.2,0
"555","1999-06-01",5.9,4.3,80.2416,4.57,88.7978,166.2,0
"556","1999-07-01",5.79,4.3,80.2257,4.55,89.3119,166.7,0
"557","1999-08-01",5.94,4.2,80.3953,4.72,89.7109,167.1,0
"558","1999-09-01",5.92,4.2,79.7252,4.68,89.3331,167.9,0
"559","1999-10-01",6.11,4.1,80.5652,4.86,90.4924,168.2,0
"560","1999-11-01",6.03,4.1,80.7755,5.07,90.965,168.3,0
"561","1999-12-01",6.28,4,81.0017,5.2,91.6804,168.3,0
"562","2000-01-01",6.66,4,80.6921,5.32,91.6261,168.8,0
"563","2000-02-01",6.52,4.1,80.5744,5.55,91.9626,169.8,0
"564","2000-03-01",6.26,4,80.7582,5.69,92.3118,171.2,0
"565","2000-04-01",5.99,3.8,80.9312,5.66,92.8872,171.3,0
"566","2000-05-01",6.44,4,80.6177,5.79,93.162,171.5,0
"567","2000-06-01",6.1,4,80.4245,5.69,93.2168,172.4,0
"568","2000-07-01",6.05,4,80.1622,5.96,93.04,172.8,0
"569","2000-08-01",5.83,4.1,79.3212,6.09,92.79,172.8,0
"570","2000-09-01",5.8,3.9,79.3734,6,93.1547,173.7,0
"571","2000-10-01",5.74,3.9,78.78,6.11,92.8361,174,0
"572","2000-11-01",5.72,3.9,78.2526,6.17,92.8395,174.1,0
"573","2000-12-01",5.24,3.9,77.4991,5.77,92.5334,174,0
"574","2001-01-01",5.16,4.2,76.8566,5.15,92.0304,175.1,0
"575","2001-02-01",5.1,4.2,76.0528,4.88,91.4079,175.8,0
"576","2001-03-01",4.89,4.3,75.6189,4.42,91.1751,176.2,0
"577","2001-04-01",5.14,4.4,75.1069,3.87,90.8767,176.9,1
"578","2001-05-01",5.39,4.3,74.4525,3.62,90.375,177.7,1
"579","2001-06-01",5.28,4.5,73.7968,3.49,89.8626,178,1
"580","2001-07-01",5.24,4.6,73.2683,3.51,89.3288,177.5,1
"581","2001-08-01",4.97,4.9,72.7848,3.36,89.2201,177.5,1
"582","2001-09-01",4.73,5,72.3628,2.64,88.7478,178.3,1
"583","2001-10-01",4.57,5.3,71.9334,2.16,88.4755,177.7,1
"584","2001-11-01",4.65,5.5,71.5627,1.87,87.9631,177.4,1
"585","2001-12-01",5.09,5.7,71.619,1.69,87.9329,176.7,0
"586","2002-01-01",5.04,5.7,72.0066,1.65,88.5452,177.1,0
"587","2002-02-01",4.91,5.7,71.9245,1.72,88.5362,177.8,0
"588","2002-03-01",5.28,5.7,72.3814,1.79,89.2097,178.8,0
"589","2002-04-01",5.21,5.9,72.5524,1.71,89.6389,179.8,0
"590","2002-05-01",5.16,5.8,72.9047,1.73,90.0271,179.8,0
"591","2002-06-01",4.93,5.8,73.5908,1.7,90.7645,179.9,0
"592","2002-07-01",4.65,5.8,73.5122,1.68,90.7437,180.1,0
"593","2002-08-01",4.26,5.7,73.5582,1.62,90.6268,180.7,0
"594","2002-09-01",3.87,5.7,73.6085,1.63,90.7241,181,0
"595","2002-10-01",3.94,5.7,73.3744,1.58,90.4879,181.3,0
"596","2002-11-01",4.05,5.9,73.7399,1.23,90.9823,181.3,0
"597","2002-12-01",4.03,6,73.3231,1.19,90.4919,180.9,0
"598","2003-01-01",4.05,5.8,73.9185,1.17,91.2395,181.7,0
"599","2003-02-01",3.9,5.9,73.8291,1.17,91.3384,183.1,0
"600","2003-03-01",3.81,5.9,73.8873,1.13,91.069,184.2,0
"601","2003-04-01",3.96,6,73.336,1.13,90.4913,183.8,0
"602","2003-05-01",3.57,6.1,73.3888,1.07,90.4697,183.5,0
"603","2003-06-01",3.33,6.3,73.7415,0.92,90.5899,183.7,0
"604","2003-07-01",3.98,6.2,74.0033,0.9,91.0614,183.9,0
"605","2003-08-01",4.45,6.1,73.6588,0.95,90.8452,184.6,0
"606","2003-09-01",4.27,6.1,74.3085,0.94,91.4453,185.2,0
"607","2003-10-01",4.29,6,74.4125,0.92,91.5595,185,0
"608","2003-11-01",4.3,5.8,75.0766,0.93,92.1763,184.5,0
"609","2003-12-01",4.27,5.7,75.0773,0.9,92.2532,184.3,0
"610","2004-01-01",4.15,5.7,75.0453,0.88,92.4067,185.2,0
"611","2004-02-01",4.08,5.6,75.641,0.93,92.9687,186.2,0
"612","2004-03-01",3.83,5.8,75.6409,0.94,92.6,187.4,0
"613","2004-04-01",4.35,5.6,75.9312,0.94,92.9761,188,0
"614","2004-05-01",4.72,5.6,76.4782,1.02,93.6446,189.1,0
"615","2004-06-01",4.73,5.6,75.9873,1.27,92.9303,189.7,0
"616","2004-07-01",4.5,5.5,76.6518,1.33,93.6109,189.4,0
"617","2004-08-01",4.28,5.4,76.9968,1.48,93.6958,189.5,0
"618","2004-09-01",4.13,5.4,76.9689,1.65,93.7958,189.9,0
"619","2004-10-01",4.1,5.5,77.6234,1.76,94.6226,190.9,0
"620","2004-11-01",4.19,5.4,77.5478,2.07,94.8491,191,0
"621","2004-12-01",4.23,5.4,78.0484,2.19,95.5841,190.3,0
"622","2005-01-01",4.22,5.3,78.4482,2.33,95.9285,190.7,0
"623","2005-02-01",4.17,5.4,79.0052,2.54,96.6287,191.8,0
"624","2005-03-01",4.5,5.2,78.4924,2.74,96.4907,193.3,0
"625","2005-04-01",4.34,5.2,78.673,2.78,96.6809,194.6,0
"626","2005-05-01",4.14,5.1,78.763,2.84,96.7925,194.4,0
"627","2005-06-01",4,5,78.7307,2.97,97.19,194.5,0
"628","2005-07-01",4.18,5,78.3094,3.22,96.8981,195.4,0
"629","2005-08-01",4.26,4.9,78.5676,3.44,97.2223,196.4,0
"630","2005-09-01",4.2,5,77.5532,3.42,95.3463,198.8,0
"631","2005-10-01",4.46,5,78.5006,3.71,96.4981,199.2,0
"632","2005-11-01",4.54,5,79.0464,3.88,97.5646,197.6,0
"633","2005-12-01",4.47,4.9,78.967,3.89,98.0222,196.8,0
"634","2006-01-01",4.42,4.7,79.4688,4.24,98.2044,198.3,0
"635","2006-02-01",4.57,4.8,79.1225,4.43,98.2404,198.7,0
"636","2006-03-01",4.72,4.7,78.9917,4.51,98.4742,199.8,0
"637","2006-04-01",4.99,4.7,79.1542,4.6,98.7765,201.5,0
"638","2006-05-01",5.11,4.6,78.819,4.72,98.7884,202.5,0
"639","2006-06-01",5.11,4.6,78.9018,4.79,99.1069,202.9,0
"640","2006-07-01",5.09,4.7,78.4877,4.95,99.0357,203.5,0
"641","2006-08-01",4.88,4.7,78.8919,4.96,99.4583,203.9,0
"642","2006-09-01",4.72,4.5,78.7728,4.81,99.2544,202.9,0
"643","2006-10-01",4.73,4.4,78.2476,4.92,99.1514,201.8,0
"644","2006-11-01",4.6,4.5,78.1473,4.94,99.0974,201.5,0
"645","2006-12-01",4.56,4.4,79.0925,4.85,100.1117,201.8,0
"646","2007-01-01",4.76,4.6,78.5915,4.98,99.7226,202.416,0
"647","2007-02-01",4.72,4.5,78.6638,5.03,100.6919,203.499,0
"648","2007-03-01",4.56,4.4,79.1104,4.94,100.8857,205.352,0
"649","2007-04-01",4.69,4.5,79.4082,4.87,101.5777,206.686,0
"650","2007-05-01",4.75,4.4,79.1602,4.73,101.6481,207.949,0
"651","2007-06-01",5.1,4.6,79.2208,4.61,101.6741,208.352,0
"652","2007-07-01",5,4.7,79.0303,4.82,101.5627,208.299,0
"653","2007-08-01",4.67,4.6,78.6415,4.2,101.7751,207.917,0
"654","2007-09-01",4.52,4.7,78.7211,3.89,102.0279,208.49,0
"655","2007-10-01",4.53,4.7,78.4604,3.9,101.7289,208.936,0
"656","2007-11-01",4.15,4.7,78.7854,3.27,102.3185,210.177,0
"657","2007-12-01",4.1,5,78.7714,3,102.3074,210.036,0
"658","2008-01-01",3.74,5,78.5552,2.75,102.1686,211.08,1
"659","2008-02-01",3.74,4.9,77.9861,2.12,101.7673,211.693,1
"660","2008-03-01",3.51,5.1,77.6187,1.26,101.3986,213.528,1
"661","2008-04-01",3.68,5,76.8793,1.29,100.7238,214.823,1
"662","2008-05-01",3.88,5.4,76.4946,1.73,100.1399,216.632,1
"663","2008-06-01",4.1,5.6,76.0507,1.86,99.9141,218.815,1
"664","2008-07-01",4.01,5.8,75.3342,1.63,99.4943,219.964,1
"665","2008-08-01",3.89,6.1,74.4648,1.72,97.9367,219.086,1
"666","2008-09-01",3.69,6.1,72.0119,1.13,93.6585,218.783,1
"667","2008-10-01",3.81,6.5,71.6209,0.67,94.5845,216.573,1
"668","2008-11-01",3.53,6.8,69.9253,0.19,93.3455,212.425,1
"669","2008-12-01",2.42,7.3,67.6736,0.03,90.7183,210.228,1
"670","2009-01-01",2.52,7.8,65.58,0.13,88.4683,211.143,1
"671","2009-02-01",2.87,8.3,65.6011,0.3,87.936,212.193,1
"672","2009-03-01",2.82,8.7,64.4737,0.21,86.5503,212.709,1
"673","2009-04-01",2.93,9,64.1132,0.16,85.8598,213.24,1
"674","2009-05-01",3.29,9.4,63.5172,0.18,84.9991,213.856,1
"675","2009-06-01",3.72,9.5,63.4473,0.18,84.7277,215.693,1
"676","2009-07-01",3.56,9.5,64.5112,0.18,85.7091,215.351,0
"677","2009-08-01",3.59,9.6,65.2886,0.17,86.6333,215.834,0
"678","2009-09-01",3.4,9.8,66.0212,0.12,87.3615,215.969,0
"679","2009-10-01",3.39,10,66.1366,0.07,87.5488,216.177,0
"680","2009-11-01",3.4,9.9,66.8948,0.05,87.9144,216.33,0
"681","2009-12-01",3.59,9.9,66.9058,0.05,88.2318,215.949,0
"682","2010-01-01",3.73,9.8,67.6868,0.06,89.1936,216.687,0
"683","2010-02-01",3.69,9.8,67.7386,0.11,89.5089,216.741,0
"684","2010-03-01",3.73,9.9,68.6986,0.15,90.1449,217.631,0
"685","2010-04-01",3.85,9.9,69.3742,0.16,90.474,218.009,0
"686","2010-05-01",3.42,9.6,70.3791,0.16,91.7131,218.178,0
"687","2010-06-01",3.2,9.4,70.5003,0.12,91.9287,217.965,0
"688","2010-07-01",3.01,9.4,70.9804,0.16,92.2737,218.011,0
"689","2010-08-01",2.7,9.5,71.1944,0.16,92.615,218.312,0
"690","2010-09-01",2.65,9.5,71.351,0.15,92.8668,218.439,0
"691","2010-10-01",2.54,9.4,71.5089,0.13,92.6138,218.711,0
"692","2010-11-01",2.76,9.8,71.6931,0.14,92.6772,218.803,0
"693","2010-12-01",3.29,9.3,72.1278,0.14,93.5741,219.179,0
"694","2011-01-01",3.39,9.1,72.2542,0.15,93.3793,220.223,0
"695","2011-02-01",3.58,9,72.4549,0.13,93.0051,221.309,0
"696","2011-03-01",3.41,9,72.9692,0.1,93.978,223.467,0
"697","2011-04-01",3.46,9.1,72.5987,0.06,93.6525,224.906,0
"698","2011-05-01",3.17,9,72.6375,0.04,93.7878,225.964,0
"699","2011-06-01",3,9.1,72.7072,0.04,94.0378,225.722,0
"700","2011-07-01",3,9,73.1489,0.04,94.5146,225.922,0
"701","2011-08-01",2.3,9,73.455,0.02,95.1263,226.545,0
"702","2011-09-01",1.98,9,73.6247,0.01,95.0732,226.889,0
"703","2011-10-01",2.15,8.8,73.9574,0.02,95.7291,226.421,0
"704","2011-11-01",2.01,8.6,73.7676,0.01,95.7455,226.23,0
"705","2011-12-01",1.98,8.5,74.1549,0.01,96.2147,225.672,0
"706","2012-01-01",1.97,8.3,74.7151,0.03,96.8051,226.665,0
"707","2012-02-01",1.97,8.3,74.9392,0.09,97.1033,227.663,0
"708","2012-03-01",2.17,8.2,74.4441,0.08,96.5973,229.392,0
"709","2012-04-01",2.05,8.2,74.7242,0.08,97.3006,230.085,0
"710","2012-05-01",1.8,8.2,74.3813,0.09,97.5046,229.815,0
"711","2012-06-01",1.62,8.2,74.4802,0.09,97.4903,229.478,0
"712","2012-07-01",1.53,8.2,74.2667,0.1,97.7234,229.104,0
"713","2012-08-01",1.68,8.1,74.0854,0.1,97.313,230.379,0
"714","2012-09-01",1.72,7.8,73.8426,0.11,97.2405,231.407,0
"715","2012-10-01",1.75,7.8,73.6365,0.1,97.561,231.317,0
"716","2012-11-01",1.65,7.7,74.0419,0.09,97.9589,230.221,0
"717","2012-12-01",1.72,7.9,74.5018,0.07,98.2061,229.601,0
"718","2013-01-01",1.91,8,74.2593,0.07,98.199,230.28,0
"719","2013-02-01",1.98,7.7,74.5358,0.1,98.6835,232.166,0
"720","2013-03-01",1.96,7.5,74.4464,0.09,99.0994,232.773,0
"721","2013-04-01",1.76,7.6,74.1755,0.06,98.9898,232.531,0
"722","2013-05-01",1.93,7.5,74.4059,0.04,99.0782,232.945,0
"723","2013-06-01",2.3,7.5,74.5096,0.05,99.2141,233.504,0
"724","2013-07-01",2.58,7.3,73.933,0.04,98.9132,233.596,0
"725","2013-08-01",2.74,7.2,74.5793,0.04,99.4891,233.877,0
"726","2013-09-01",2.81,7.2,74.6605,0.02,100.0172,234.149,0
"727","2013-10-01",2.62,7.2,74.7833,0.05,99.9038,233.546,0
"728","2013-11-01",2.72,6.9,74.781,0.07,100.1479,233.069,0
"729","2013-12-01",2.9,6.7,74.6975,0.07,100.3576,233.049,0
"730","2014-01-01",2.86,6.6,73.9341,0.04,99.9828,233.916,0
"731","2014-02-01",2.71,6.7,74.6762,0.05,100.7485,234.781,0
"732","2014-03-01",2.72,6.7,75.3656,0.05,101.7391,236.293,0
"733","2014-04-01",2.71,6.2,75.3932,0.03,101.8023,237.072,0
"734","2014-05-01",2.56,6.3,75.6665,0.03,102.2116,237.9,0
"735","2014-06-01",2.6,6.1,75.9803,0.04,102.5637,238.343,0
"736","2014-07-01",2.54,6.2,76.4417,0.03,102.8425,238.25,0
"737","2014-08-01",2.42,6.1,76.0493,0.03,102.6499,237.852,0
"738","2014-09-01",2.53,5.9,76.1321,0.02,102.9647,238.031,0
"739","2014-10-01",2.3,5.7,76.1164,0.02,102.9704,237.433,0
"740","2014-11-01",2.33,5.8,76.6991,0.02,103.6017,236.151,0
"741","2014-12-01",2.21,5.6,76.6368,0.03,103.592,234.812,0
"742","2015-01-01",1.88,5.7,76.2847,0.03,102.798,233.707,0
"743","2015-02-01",1.98,5.5,75.8026,0.02,102.1554,234.722,0
"744","2015-03-01",2.04,5.4,76.1484,0.03,101.8077,236.119,0
"745","2015-04-01",1.94,5.4,76.1946,0.02,101.2285,236.599,0
"746","2015-05-01",2.2,5.6,76.2557,0.02,100.7536,237.805,0
"747","2015-06-01",2.36,5.3,76.0277,0.02,100.4529,238.638,0
"748","2015-07-01",2.32,5.2,76.6485,0.03,101.11,238.654,0
"749","2015-08-01",2.17,5.1,76.3717,0.07,100.8802,238.316,0
"750","2015-09-01",2.17,5,76.184,0.02,100.608,237.945,0
"751","2015-10-01",2.07,5,76.0986,0.02,100.151,237.838,0
"752","2015-11-01",2.26,5.1,75.8541,0.12,99.3817,237.336,0
"753","2015-12-01",2.24,5,75.615,0.23,98.8572,236.525,0
"754","2016-01-01",2.09,4.8,75.8996,0.26,99.4086,236.916,0
"755","2016-02-01",1.78,4.9,75.6042,0.31,98.8946,237.111,0
"756","2016-03-01",1.89,5,75.4987,0.29,98.1385,238.132,0
"757","2016-04-01",1.81,5.1,75.3293,0.23,98.4364,239.261,0
"758","2016-05-01",1.81,4.8,75.227,0.27,98.2096,240.229,0
"759","2016-06-01",1.64,4.9,75.3438,0.27,98.6766,241.018,0
"760","2016-07-01",1.5,4.8,75.3854,0.3,98.8371,240.628,0
"761","2016-08-01",1.56,4.9,75.0756,0.3,98.7302,240.849,0
"762","2016-09-01",1.63,5,75.2014,0.29,98.6287,241.428,0
"763","2016-10-01",1.76,4.9,75.313,0.33,98.7126,241.729,0
"764","2016-11-01",2.14,4.7,75.2485,0.45,98.3004,241.353,0
"765","2016-12-01",2.49,4.7,75.2433,0.51,98.9063,241.432,0
"766","2017-01-01",2.43,4.7,75.4438,0.51,98.7349,242.839,0
"767","2017-02-01",2.42,4.6,75.4804,0.52,98.4178,243.603,0
"768","2017-03-01",2.48,4.4,75.324,0.74,99.0726,243.801,0
"769","2017-04-01",2.3,4.4,76.2481,0.8,100.0545,244.524,0
"770","2017-05-01",2.3,4.4,76.1982,0.89,100.139,244.733,0
"771","2017-06-01",2.19,4.3,76.3003,0.98,100.3148,244.955,0
"772","2017-07-01",2.32,4.3,76.1684,1.07,100.1418,244.786,0
"773","2017-08-01",2.21,4.4,76.1058,1.01,99.6878,245.519,0
"774","2017-09-01",2.2,4.3,76.2253,1.03,99.7829,246.819,0
"775","2017-10-01",2.36,4.2,77.1537,1.07,101.0401,246.663,0
"776","2017-11-01",2.35,4.2,77.2455,1.23,101.226,246.669,0
"777","2017-12-01",2.4,4.1,77.0966,1.32,101.3878,246.524,0
"778","2018-01-01",2.58,4,76.877,1.41,101.345,247.867,0
"779","2018-02-01",2.86,4.1,77.7092,1.57,101.7068,248.991,0
"780","2018-03-01",2.84,4,77.8221,1.7,102.2785,249.554,0
"781","2018-04-01",2.87,4,78.4073,1.76,103.434,250.546,0
"782","2018-05-01",2.98,3.8,77.771,1.86,102.4735,251.588,0
"783","2018-06-01",2.91,4,78.2528,1.9,103.2508,251.989,0
"784","2018-07-01",2.89,3.8,78.374,1.96,103.4588,252.006,0
"785","2018-08-01",2.89,3.8,78.6386,2.03,104.1802,252.146,0
"786","2018-09-01",3,3.7,78.6325,2.13,104.1665,252.439,0
"787","2018-10-01",3.15,3.8,78.3303,2.25,104.0476,252.885,0
"788","2018-11-01",3.12,3.8,78.0254,2.33,103.9603,252.038,0
"789","2018-12-01",2.83,3.9,78.1436,2.37,103.869,251.233,0
"790","2019-01-01",2.71,4,77.5453,2.37,103.2684,251.712,0
"791","2019-02-01",2.68,3.8,77.2425,2.39,102.8157,252.776,0
"792","2019-03-01",2.57,3.8,77.1824,2.4,102.9,254.202,0
"793","2019-04-01",2.53,3.6,76.7432,2.38,102.3826,255.548,0
"794","2019-05-01",2.4,3.6,76.8097,2.35,102.5756,256.092,0
"795","2019-06-01",2.07,3.6,77.0893,2.17,102.5928,256.143,0
"796","2019-07-01",2.06,3.7,76.6374,2.1,102.2012,256.571,0
"797","2019-08-01",1.63,3.7,77.1614,1.95,102.9086,256.558,0
"798","2019-09-01",1.7,3.5,76.635,1.89,102.579,256.759,0
"799","2019-10-01",1.71,3.6,76.0803,1.65,101.7775,257.346,0
"800","2019-11-01",1.81,3.6,76.5994,1.54,102.0979,257.208,0
"801","2019-12-01",1.86,3.6,76.5488,1.54,101.7632,256.974,0
"802","2020-01-01",1.76,3.5,76.5283,1.52,101.303,257.971,0
"803","2020-02-01",1.5,3.5,76.7709,1.52,101.7038,258.678,0
"804","2020-03-01",0.87,4.4,73.4941,0.29,97.8746,258.115,1
"805","2020-04-01",0.66,14.7,62.2659,0.14,84.959,256.389,1
"806","2020-05-01",0.67,13.2,64.9997,0.13,86.3345,256.394,0
"807","2020-06-01",0.73,11,69.8355,0.16,91.7523,257.797,0
"808","2020-07-01",0.62,10.2,72.4168,0.13,95.2439,259.101,0
"809","2020-08-01",0.65,8.4,73.6101,0.1,96.1173,259.918,0
"810","2020-09-01",0.68,7.9,73.7456,0.11,96.0711,260.28,0
"811","2020-10-01",0.79,6.9,74.5982,0.1,96.825,260.388,0
"812","2020-11-01",0.87,6.7,75.0551,0.09,97.1183,260.229,0
"813","2020-12-01",0.93,6.7,75.3634,0.09,98.138,260.474,0
"814","2021-01-01",1.08,6.4,76.6191,0.08,99.2645,261.582,0
"815","2021-02-01",1.26,6.2,74.0076,0.04,96.2231,263.014,0
"816","2021-03-01",1.61,6,76.362,0.03,98.8621,264.877,0
"817","2021-04-01",1.64,6,76.3072,0.02,99.0246,267.054,0
"818","2021-05-01",1.62,5.8,77.0115,0.02,99.7785,269.195,0
"819","2021-06-01",1.52,5.9,76.9784,0.04,100.1923,271.696,0
"820","2021-07-01",1.32,5.4,77.8383,0.05,100.8724,273.003,0
"821","2021-08-01",1.28,5.2,77.6523,0.05,100.837,273.567,0
"822","2021-09-01",1.37,4.7,77.0681,0.04,99.8498,274.31,0
"823","2021-10-01",1.58,4.6,78.3388,0.05,101.3602,276.589,0
"824","2021-11-01",1.56,4.2,78.7286,0.05,101.961,277.948,0
"825","2021-12-01",1.47,3.9,78.6016,0.06,101.7587,278.802,0
"826","2022-01-01",1.76,4,78.336,0.15,102.146,281.148,0
"827","2022-02-01",1.93,3.8,79.2498,0.33,102.8987,283.716,0
"828","2022-03-01",2.13,3.6,79.7767,0.44,103.5717,287.504,0
"829","2022-04-01",2.75,3.6,80.0051,0.76,104.2709,289.109,0
"830","2022-05-01",2.9,3.6,79.5648,0.98,104.1646,292.296,0
"831","2022-06-01",3.14,3.6,79.0201,1.49,104.0772,296.311,0
"832","2022-07-01",2.9,3.5,79.3291,2.23,104.7577,296.276,0
"833","2022-08-01",2.9,3.7,79.3369,2.63,104.6544,296.171,0
"834","2022-09-01",3.52,3.5,79.4572,3.13,104.805,296.808,0
"835","2022-10-01",3.98,3.7,79.5123,3.72,104.6894,298.012,0
